id,firstName,lastName
id1,firstName1,lastName1
id2,firstName2,lastName2
id3,firstName3,lastName3
id4,firstName4,lastName4
id5,firstName5,lastName5
id6,firstName6,lastName6
id7,firstName7,lastName7
id8,firstName8,lastName8
id9,firstName9,lastName9
id10,firstName10,lastName10
id11,firstName11,lastName11
id12,firstName12,lastName12
id13,firstName13,lastName13
id14,firstName14,lastName14
id15,firstName15,lastName15
id16,firstName16,lastName16
id17,firstName17,lastName17
id18,firstName18,lastName18
id19,firstName19,lastName19
