id,title
id1,title1
id2,title2
id3,title3
id4,title4
id5,title5
id6,title6
id7,title7
id8,title8
id9,title9
id10,title10
id11,title11
id12,title12
id13,title13
id14,title14
id15,title15
id16,title16
id17,title17
id18,title18
id19,title19
id20,title20
id21,title21
id22,title22
id23,title23
id24,title24
id25,title25
id26,title26
id27,title27
id28,title28
id29,title29
id30,title30
id31,title31
id32,title32
id33,title33
id34,title34
id35,title35
id36,title36
id37,title37
id38,title38
id39,title39
id40,title40
id41,title41
id42,title42
id43,title43
id44,title44
id45,title45
id46,title46
id47,title47
id48,title48
id49,title49
id50,title50
id51,title51
id52,title52
id53,title53
id54,title54
id55,title55
id56,title56
id57,title57
id58,title58
id59,title59
id60,title60
id61,title61
id62,title62
id63,title63
id64,title64
id65,title65
id66,title66
id67,title67
id68,title68
id69,title69
id70,title70
id71,title71
id72,title72
id73,title73
id74,title74
id75,title75
id76,title76
id77,title77
id78,title78
id79,title79
id80,title80
id81,title81
id82,title82
id83,title83
id84,title84
id85,title85
id86,title86
id87,title87
id88,title88
id89,title89
id90,title90
id91,title91
id92,title92
id93,title93
id94,title94
id95,title95
id96,title96
id97,title97
id98,title98
id99,title99
